{
    "en": {
        "0_order_level": 4.288221453845133,
        "1_order_level": 3.5166047989860263,
        "2_order_level": 3.0183191907911135,
        "3_order_level": 2.4815659195759765,
        "4_order_level": 2.0211849323228095
    },
    "eo": {
        "0_order_level": 4.176788490262166,
        "1_order_level": 3.3400051763140888,
        "2_order_level": 2.871826798759591,
        "3_order_level": 2.392625000175011,
        "4_order_level": 1.9915100520668714
    },
    "et": {
        "0_order_level": 4.169833224728489,
        "1_order_level": 3.5069581563729013,
        "2_order_level": 3.134406113206235,
        "3_order_level": 2.6108656535585926,
        "4_order_level": 2.111442273717406
    },
    "ht": {
        "0_order_level": 4.146385764101037,
        "1_order_level": 3.1138604806021335,
        "2_order_level": 2.273524831268269,
        "3_order_level": 1.4921524582749275,
        "4_order_level": 1.0521432391223564
    },
    "la": {
        "0_order_level": 4.228247465746812,
        "1_order_level": 3.450126059614428,
        "2_order_level": 2.8234920125311276,
        "3_order_level": 2.152031337421126,
        "4_order_level": 1.642763776137904
    },
    "nv": {
        "0_order_level": 3.8749372588209434,
        "1_order_level": 2.9472671465949563,
        "2_order_level": 2.367579621897078,
        "3_order_level": 1.7952629128163486,
        "4_order_level": 1.341596449239934
    },
    "so": {
        "0_order_level": 4.040113860382521,
        "1_order_level": 3.2995658731458617,
        "2_order_level": 2.844371623926439,
        "3_order_level": 2.3743105931756077,
        "4_order_level": 1.9450324843396165
    }
}