{
    "en": {
        "0_order_level": 11.543704044042768,
        "1_order_level": 6.38893675561225,
        "2_order_level": 2.176329403106742,
        "3_order_level": 0.484650263469944,
        "4_order_level": 0.10964715022994133
    },
    "eo": {
        "0_order_level": 11.560475013160662,
        "1_order_level": 6.557659469293217,
        "2_order_level": 2.48471693704312,
        "3_order_level": 0.6336156291832953,
        "4_order_level": 0.1616576222709427
    },
    "et": {
        "0_order_level": 13.746243545091751,
        "1_order_level": 5.4241827351379515,
        "2_order_level": 0.9047403322065233,
        "3_order_level": 0.116197010119862,
        "4_order_level": 0.02364729988548268
    },
    "ht": {
        "0_order_level": 8.166898693957943,
        "1_order_level": 3.1931038430907783,
        "2_order_level": 1.3113254516241455,
        "3_order_level": 0.8122267949332521,
        "4_order_level": 0.6205720742966413
    },
    "la": {
        "0_order_level": 11.968873581990932,
        "1_order_level": 4.399797390231481,
        "2_order_level": 1.1668554191867933,
        "3_order_level": 0.3880242225759107,
        "4_order_level": 0.206464728481521
    },
    "nv": {
        "0_order_level": 9.15401183080255,
        "1_order_level": 3.863931347466676,
        "2_order_level": 1.7188041994477465,
        "3_order_level": 0.8992519126691808,
        "4_order_level": 0.538570057239123
    },
    "so": {
        "0_order_level": 11.731081552149702,
        "1_order_level": 5.398726989802623,
        "2_order_level": 1.6086239389599386,
        "3_order_level": 0.4096065365723159,
        "4_order_level": 0.1166109474155016
    }
}