{
    "sample0": {
        "0_order_level": 4.273001240566633,
        "1_order_level": 2.9158940043478916,
        "2_order_level": 2.0003592449348755,
        "3_order_level": 1.5392818308881453,
        "4_order_level": 1.4385817627110995
    },
    "sample1": {
        "0_order_level": 4.1270061355497205,
        "1_order_level": 3.239149992123351,
        "2_order_level": 2.8612796847871738,
        "3_order_level": 2.3266847405634503,
        "4_order_level": 1.8135100091160932
    },
    "sample2": {
        "0_order_level": 3.993311800232584,
        "1_order_level": 3.0504392827811277,
        "2_order_level": 2.467660235741537,
        "3_order_level": 1.9397723261443987,
        "4_order_level": 1.70203257395591
    },
    "sample3": {
        "0_order_level": 3.930297834157987,
        "1_order_level": 3.1844670670954254,
        "2_order_level": 2.627895709551266,
        "3_order_level": 2.0239914888059087,
        "4_order_level": 1.5342433554007504
    },
    "sample4": {
        "0_order_level": 4.2538095673790135,
        "1_order_level": 4.229101430962377,
        "2_order_level": 4.226828937890987,
        "3_order_level": 4.178535148286411,
        "4_order_level": 3.766131515936544
    },
    "sample5": {
        "0_order_level": 4.441688018481797,
        "1_order_level": 3.523098126085029,
        "2_order_level": 3.2506208546492723,
        "3_order_level": 2.834271485651467,
        "4_order_level": 2.172440790055284
    }
}